t,pedal_pct,speed_kmh,pressure_bar,ecu_cmd,fault_active
0.0,48.614,67.441,4.8858,0,
0.02,49.18,68.602,4.8847,0,
0.04,52.56,69.552,5.2429,1,
0.06,51.391,69.241,5.1168,1,
0.08,52.742,70.059,5.3219,1,
0.1,52.678,70.493,5.3638,1,
0.12,53.442,70.524,5.457,1,
0.14,54.457,70.762,5.5751,1,
0.16,54.94,70.622,5.5259,1,
0.18,54.77,70.472,5.5318,1,
0.2,56.584,71.484,5.7635,1,
0.22,56.317,71.561,5.7442,1,
0.24,57.222,71.234,5.8979,1,
0.26,57.414,71.925,5.8111,1,
0.28,59.096,72.671,6.0877,1,
0.3,59.348,71.945,6.0207,1,
0.32,59.95,72.925,6.1695,1,
0.34,60.51,73.428,6.2907,1,
0.36,62.95,74.241,6.4287,1,
0.38,61.16,73.777,6.2977,1,
0.4,62.026,74.471,6.4356,1,
0.42,64.272,74.372,6.5762,1,
0.44,63.749,75.095,6.6413,1,
0.46,63.72,75.298,6.5339,1,
0.48,66.718,76.937,6.7736,1,
0.5,65.363,74.433,6.7335,1,
0.52,66.844,76.009,6.835,1,
0.54,66.231,76.069,6.8888,1,
0.56,67.235,76.566,6.8329,1,
0.58,67.217,76.399,6.8987,1,
0.6,69.134,77.206,7.1301,1,
0.62,67.911,76.131,6.9323,1,
0.64,70.7,78.057,7.2592,1,
0.66,68.227,76.8,6.9562,1,
0.68,69.902,77.176,7.1745,1,
0.7,69.8,77.977,7.1004,1,
0.72,70.607,78.027,7.2478,1,
0.74,72.638,78.327,7.4911,1,
0.76,71.555,77.796,7.3126,1,
0.78,75.286,79.337,7.6179,1,
0.8,74.786,79.86,7.6027,1,
0.82,73.004,79.326,7.3707,1,
0.84,73.765,78.798,7.4605,1,
0.86,75.343,79.648,7.6096,1,
0.88,76.245,79.951,7.6982,1,
0.9,78.062,80.215,7.8004,1,
0.92,78.34,80.118,7.9062,1,
0.94,78.079,80.049,7.8059,1,
0.96,79.007,80.075,7.9243,1,
0.98,79.427,80.887,7.9485,1,
1.0,78.192,80.439,7.7706,1,
1.02,80.153,82.128,7.9609,1,
1.04,79.935,80.636,7.9335,1,
1.06,79.231,81.293,7.8843,1,
1.08,81.049,81.592,8.0491,1,
1.1,81.872,81.915,8.1342,1,
1.12,82.515,81.972,8.1656,1,
1.14,83.197,80.863,8.2617,1,
1.16,82.334,81.654,8.2235,1,
1.18,85.204,82.26,8.4689,1,
1.2,84.462,82.276,8.3479,1,
1.22,84.016,83.41,8.2578,1,
1.24,84.572,82.45,8.2738,1,
1.26,85.838,83.231,8.4895,1,
1.28,86.359,82.674,8.5141,1,
1.3,85.075,82.276,8.3289,1,
1.32,86.413,83.537,8.5085,1,
1.34,86.155,83.024,8.3813,1,
1.36,85.859,83.178,8.4657,1,
1.38,86.819,83.454,8.4301,1,
1.4,89.296,83.875,8.788,1,
1.42,88.388,83.137,8.5493,1,
1.44,89.012,84.473,8.7274,1,
1.46,88.457,83.151,8.6171,1,
1.48,89.938,83.745,8.8369,1,
1.5,88.808,83.629,8.6539,1,
1.52,92.597,84.377,9.1046,1,
1.54,88.892,82.466,8.6982,1,
1.56,89.631,83.724,8.8035,1,
1.58,92.973,84.665,9.043,1,
1.6,93.533,84.694,9.1195,1,
1.62,91.921,83.378,9.0236,1,
1.64,93.01,84.318,9.1591,1,
1.66,93.788,84.765,9.1115,1,
1.68,93.296,84.376,9.222,1,
1.7,94.719,85.487,9.3323,1,
1.72,93.453,83.933,9.2066,1,
1.74,93.978,84.091,9.2937,1,
1.76,95.715,85.452,9.3818,1,
1.78,95.746,85.004,9.4041,1,
1.8,95.888,84.936,9.5673,1,
1.82,95.159,84.056,9.3962,1,
1.84,95.834,84.369,9.4546,1,
1.86,94.897,84.358,9.466,1,
1.88,96.154,84.825,9.5223,1,
1.9,95.702,84.134,9.504,1,
1.92,95.51,83.918,9.4535,1,
1.94,98.699,84.122,9.9334,1,
1.96,96.953,84.386,9.6881,1,
1.98,97.67,83.868,9.6922,1,
2.0,95.81,82.629,9.5453,1,
2.02,98.166,84.763,9.7419,1,
2.04,97.459,83.705,9.8877,1,
2.06,97.403,84.963,9.762,1,
2.08,99.443,84.059,10.0288,1,
2.1,101.597,84.13,10.2095,1,
2.12,98.537,84.762,9.8136,1,
2.14,98.918,83.753,9.9562,1,
2.16,98.385,83.73,9.8987,1,
2.18,98.721,83.667,10.0067,1,
2.2,100.304,84.103,10.0716,1,
2.22,97.994,84.036,3.9617,1,pressure_drop
2.24,101.09,83.082,4.092,1,pressure_drop
2.26,98.461,83.444,3.9858,1,pressure_drop
2.28,100.203,84.089,4.0669,1,pressure_drop
2.3,100.98,84.55,4.0675,1,pressure_drop
2.32,99.304,83.103,4.0192,1,pressure_drop
2.34,99.575,82.347,4.0635,1,pressure_drop
2.36,99.581,83.076,4.0562,1,pressure_drop
2.38,99.03,82.909,4.0257,1,pressure_drop
2.4,99.543,82.874,4.0427,1,pressure_drop
2.42,99.753,83.734,4.0913,1,pressure_drop
2.44,99.64,82.518,4.0542,1,pressure_drop
2.46,100.523,82.773,4.1046,1,pressure_drop
2.48,99.17,81.424,4.0526,1,pressure_drop
2.5,100.272,83.525,4.0752,1,pressure_drop
2.52,100.946,82.94,4.1563,1,pressure_drop
2.54,101.185,82.091,4.1744,1,pressure_drop
2.56,100.967,82.082,4.0945,1,pressure_drop
2.58,100.158,82.447,4.0963,1,pressure_drop
2.6,99.444,82.571,4.0578,1,pressure_drop
2.62,99.705,82.521,4.0957,1,pressure_drop
2.64,97.235,81.677,3.9716,1,pressure_drop
2.66,98.827,82.261,4.0061,1,pressure_drop
2.68,98.319,81.911,3.993,1,pressure_drop
2.7,100.36,81.616,4.0615,1,pressure_drop
2.72,97.882,82.024,3.9617,1,pressure_drop
2.74,99.29,81.657,4.0165,1,pressure_drop
2.76,99.936,81.905,4.0502,1,pressure_drop
2.78,100.769,81.255,4.0428,1,pressure_drop
2.8,99.193,81.741,4.0235,1,pressure_drop
2.82,98.518,81.213,3.9764,1,pressure_drop
2.84,98.015,81.042,3.9695,1,pressure_drop
2.86,96.246,79.931,3.9107,1,pressure_drop
2.88,98.885,80.462,3.9835,1,pressure_drop
2.9,97.736,80.439,3.9608,1,pressure_drop
2.92,97.821,81.29,3.9327,1,pressure_drop
2.94,96.848,79.946,3.9067,1,pressure_drop
2.96,97.343,80.146,3.8842,1,pressure_drop
2.98,98.828,80.464,4.0007,1,pressure_drop
3.0,97.449,80.437,3.8883,1,pressure_drop
3.02,96.514,80.846,3.8459,1,pressure_drop
3.04,96.532,80.179,3.8768,1,pressure_drop
3.06,95.267,79.887,3.8006,1,pressure_drop
3.08,97.378,79.621,3.8968,1,pressure_drop
3.1,97.808,79.297,3.9003,1,pressure_drop
3.12,96.878,79.694,3.8413,1,pressure_drop
3.14,97.082,78.814,3.8608,1,pressure_drop
3.16,96.198,79.808,3.7731,1,pressure_drop
3.18,94.061,78.332,3.7031,1,pressure_drop
3.2,94.831,78.368,3.7641,1,pressure_drop
3.22,94.358,78.376,3.745,1,pressure_drop
3.24,95.446,78.299,3.7475,1,pressure_drop
3.26,93.389,76.998,3.6679,1,pressure_drop
3.28,95.057,77.477,3.7216,1,pressure_drop
3.3,93.639,78.163,3.683,1,pressure_drop
3.32,93.409,77.361,3.6689,1,pressure_drop
3.34,91.34,77.077,3.6045,1,pressure_drop
3.36,94.489,77.816,3.6983,1,pressure_drop
3.38,92.454,76.859,3.5969,1,pressure_drop
3.4,89.682,76.824,3.4746,1,pressure_drop
3.42,92.064,77.05,3.6003,1,pressure_drop
3.44,91.187,76.391,3.5461,1,pressure_drop
3.46,90.886,76.502,3.5588,1,pressure_drop
3.48,90.496,77.087,3.5184,1,pressure_drop
3.5,90.437,76.684,3.555,1,pressure_drop
3.52,89.093,76.442,3.4731,1,pressure_drop
3.54,88.959,76.419,3.4891,1,pressure_drop
3.56,90.178,75.658,3.4888,1,pressure_drop
3.58,88.849,75.374,3.4708,1,pressure_drop
3.6,87.36,75.418,3.3775,1,pressure_drop
3.62,88.07,75.301,3.4352,1,pressure_drop
3.64,88.274,76.139,3.467,1,pressure_drop
3.66,86.129,74.835,3.3838,1,pressure_drop
3.68,85.827,74.433,3.3653,1,pressure_drop
3.7,87.352,74.328,3.4301,1,pressure_drop
3.72,85.856,73.314,3.3676,1,pressure_drop
3.74,86.596,74.216,3.3934,1,pressure_drop
3.76,85.623,73.909,3.3808,1,pressure_drop
3.78,83.964,74.959,3.3251,1,pressure_drop
3.8,83.301,73.17,3.2691,1,pressure_drop
3.82,83.833,73.414,3.2818,1,pressure_drop
3.84,82.719,71.951,3.2804,1,pressure_drop
3.86,83.507,73.733,3.3225,1,pressure_drop
3.88,82.069,73.02,3.2435,1,pressure_drop
3.9,81.876,72.664,3.2175,1,pressure_drop
3.92,82.596,72.559,3.3073,1,pressure_drop
3.94,79.133,71.835,3.1776,1,pressure_drop
3.96,80.784,73.119,3.2109,1,pressure_drop
3.98,81.347,73.198,3.2427,1,pressure_drop
4.0,78.646,72.1,3.1336,1,pressure_drop
4.02,77.76,71.426,3.1366,1,pressure_drop
4.04,77.841,71.357,3.116,1,pressure_drop
4.06,77.992,71.846,3.135,1,pressure_drop
4.08,76.458,70.718,3.1111,1,pressure_drop
4.1,77.016,70.78,3.0906,1,pressure_drop
4.12,77.215,70.424,3.1751,1,pressure_drop
4.14,76.278,70.352,3.1016,1,pressure_drop
4.16,74.779,70.899,3.025,1,pressure_drop
4.18,75.595,71.68,3.09,1,pressure_drop
4.2,75.747,70.93,3.0825,1,pressure_drop
4.22,75.093,70.678,3.054,1,pressure_drop
4.24,72.427,69.939,2.9369,1,pressure_drop
4.26,69.744,69.304,2.8415,1,pressure_drop
4.28,72.967,69.193,2.9649,1,pressure_drop
4.3,69.538,68.509,2.8551,1,pressure_drop
4.32,70.851,69.98,2.9305,1,pressure_drop
4.34,68.775,68.908,2.8081,1,pressure_drop
4.36,68.521,69.609,2.8235,1,pressure_drop
4.38,70.138,69.152,2.8712,1,pressure_drop
4.4,68.825,69.169,2.8281,1,pressure_drop
4.42,67.879,69.222,2.8273,1,pressure_drop
4.44,67.36,68.561,2.7714,1,pressure_drop
4.46,67.82,69.074,2.7966,1,pressure_drop
4.48,65.846,67.498,2.7133,1,pressure_drop
4.5,65.995,68.775,2.7154,1,pressure_drop
4.52,63.247,68.605,2.6019,1,pressure_drop
4.54,64.668,66.781,2.6723,1,pressure_drop
4.56,63.316,67.61,2.6077,1,pressure_drop
4.58,63.737,67.426,2.6177,1,pressure_drop
4.6,64.13,67.532,2.6371,1,pressure_drop
4.62,61.765,66.331,2.531,1,pressure_drop
4.64,62.036,67.324,2.5911,1,pressure_drop
4.66,61.025,66.675,2.4884,1,pressure_drop
4.68,60.592,66.533,2.475,1,pressure_drop
4.7,58.51,66.488,2.3963,1,pressure_drop
4.72,58.009,66.145,2.3712,1,pressure_drop
4.74,57.502,66.754,2.3912,1,pressure_drop
4.76,58.369,65.08,2.3859,1,pressure_drop
4.78,56.201,65.815,2.319,1,pressure_drop
4.8,55.713,65.927,2.2871,1,pressure_drop
4.82,57.027,66.844,2.344,1,pressure_drop
4.84,53.907,64.218,2.1975,1,pressure_drop
4.86,54.81,65.47,2.2336,1,pressure_drop
4.88,54.496,65.164,2.2095,1,pressure_drop
4.9,53.387,64.702,2.1701,1,pressure_drop
4.92,53.002,64.703,2.1073,1,pressure_drop
4.94,51.355,64.773,2.0921,1,pressure_drop
4.96,51.338,64.297,2.0742,1,pressure_drop
4.98,50.443,64.384,2.0472,1,pressure_drop
5.0,50.811,64.405,2.0382,1,pressure_drop
5.02,50.371,64.23,1.9735,0,pressure_drop
5.04,50.274,65.19,2.0241,1,pressure_drop
5.06,46.924,63.205,1.8528,0,pressure_drop
5.08,47.828,63.433,1.8997,0,pressure_drop
5.1,48.05,63.433,1.9165,0,pressure_drop
5.12,46.664,63.67,1.8753,0,pressure_drop
5.14,45.995,63.126,1.7919,0,pressure_drop
5.16,42.494,62.133,1.6705,0,pressure_drop
5.18,44.849,63.832,1.7548,0,pressure_drop
5.2,45.915,63.363,1.8058,0,pressure_drop
5.22,43.984,62.277,1.7268,0,pressure_drop
5.24,40.438,61.407,1.5742,0,pressure_drop
5.26,42.524,63.266,1.6093,0,pressure_drop
5.28,38.579,61.637,1.4561,0,pressure_drop
5.3,39.508,61.15,1.5044,0,pressure_drop
5.32,41.757,61.968,1.5866,0,pressure_drop
5.34,40.094,61.363,1.509,0,pressure_drop
5.36,40.796,62.859,1.5668,0,pressure_drop
5.38,38.531,61.263,1.4528,0,pressure_drop
5.4,38.597,61.54,1.4789,0,pressure_drop
5.42,37.132,61.15,1.4184,0,pressure_drop
5.44,35.977,60.902,1.3927,0,pressure_drop
5.46,35.961,60.674,1.3794,0,pressure_drop
5.48,36.551,60.963,1.4028,0,pressure_drop
5.5,35.873,61.264,1.3611,0,pressure_drop
5.52,33.6,60.703,1.2203,0,pressure_drop
5.54,34.794,60.643,1.3061,0,pressure_drop
5.56,31.379,60.578,1.1495,0,pressure_drop
5.58,32.22,60.882,1.2049,0,pressure_drop
5.6,30.894,59.633,1.1729,0,pressure_drop
5.62,32.173,60.48,1.2235,0,pressure_drop
5.64,30.665,60.52,1.1789,0,pressure_drop
5.66,30.13,59.595,1.1249,0,pressure_drop
5.68,29.42,59.789,1.1143,0,pressure_drop
5.7,28.649,59.615,1.0687,0,pressure_drop
5.72,29.168,60.231,1.0877,0,pressure_drop
5.74,26.215,59.13,0.9781,0,pressure_drop
5.76,27.301,60.203,1.0307,0,pressure_drop
5.78,24.005,58.639,0.9338,0,pressure_drop
5.8,26.492,59.586,1.0202,0,pressure_drop
5.82,24.102,58.226,0.9303,0,pressure_drop
5.84,26.218,59.518,1.0087,0,pressure_drop
5.86,22.692,57.972,0.8629,0,pressure_drop
5.88,26.5,59.691,1.0235,0,pressure_drop
5.9,23.161,59.262,0.9168,0,pressure_drop
5.92,22.358,57.995,0.8572,0,pressure_drop
5.94,23.377,59.419,0.8803,0,pressure_drop
5.96,20.282,57.266,0.7947,0,pressure_drop
5.98,20.281,58.235,0.8015,0,pressure_drop
6.0,18.065,57.497,0.6896,0,pressure_drop
6.02,19.874,57.966,0.7642,0,pressure_drop
6.04,19.89,57.765,0.8052,0,pressure_drop
6.06,19.714,58.575,0.814,0,pressure_drop
6.08,18.671,57.159,0.7783,0,pressure_drop
6.1,19.365,58.044,0.811,0,pressure_drop
6.12,16.329,56.944,0.6898,0,pressure_drop
6.14,15.794,56.975,0.6694,0,pressure_drop
6.16,17.917,58.904,0.7321,0,pressure_drop
6.18,17.435,56.965,0.7466,0,pressure_drop
6.2,16.217,57.442,0.6791,0,pressure_drop
6.22,15.381,57.873,0.699,0,pressure_drop
6.24,14.962,56.93,0.6501,0,pressure_drop
6.26,14.601,56.418,0.6399,0,pressure_drop
6.28,13.599,56.442,0.6182,0,pressure_drop
6.3,12.398,57.388,0.5529,0,pressure_drop
6.32,14.236,56.107,0.6146,0,pressure_drop
6.34,12.787,57.176,0.6032,0,pressure_drop
6.36,12.946,56.591,0.5781,0,pressure_drop
6.38,11.121,56.443,0.5485,0,pressure_drop
6.4,12.874,57.015,0.5878,0,pressure_drop
6.42,11.685,57.568,0.5596,0,pressure_drop
6.44,11.4,56.474,0.5332,0,pressure_drop
6.46,10.656,56.52,0.4843,0,pressure_drop
6.48,9.297,55.808,0.4441,0,pressure_drop
6.5,7.949,55.865,0.4026,0,pressure_drop
6.52,8.306,56.463,0.3903,0,pressure_drop
6.54,9.821,55.447,0.4423,0,pressure_drop
6.56,8.659,56.627,0.4025,0,pressure_drop
6.58,9.172,56.383,0.4645,0,pressure_drop
6.6,8.034,56.128,0.3908,0,pressure_drop
6.62,5.24,54.89,0.2763,0,pressure_drop
6.64,8.345,56.59,0.4151,0,pressure_drop
6.66,6.69,56.139,0.3157,0,pressure_drop
6.68,5.852,55.425,0.271,0,pressure_drop
6.7,4.962,56.068,0.2819,0,pressure_drop
6.72,5.526,55.223,0.2735,0,pressure_drop
6.74,5.922,55.791,0.3235,0,pressure_drop
6.76,6.512,56.684,0.2967,0,pressure_drop
6.78,6.133,55.98,0.3135,0,pressure_drop
6.8,4.339,55.204,0.2364,0,pressure_drop
6.82,5.563,56.282,0.2228,0,pressure_drop
6.84,2.307,54.201,0.1322,0,pressure_drop
6.86,3.609,55.754,0.1611,0,pressure_drop
6.88,3.662,55.919,0.1961,0,pressure_drop
6.9,3.153,54.656,0.135,0,pressure_drop
6.92,3.7,56.474,0.1709,0,pressure_drop
6.94,5.076,55.771,0.227,0,pressure_drop
6.96,1.78,54.314,0.0957,0,pressure_drop
6.98,2.114,55.036,0.0942,0,pressure_drop
7.0,4.513,55.842,0.1521,0,pressure_drop
7.02,1.434,55.127,0.0468,0,pressure_drop
7.04,1.066,54.318,0.0525,0,pressure_drop
7.06,3.607,55.638,0.1301,0,pressure_drop
7.08,0.636,55.044,0.0256,0,pressure_drop
7.1,0.001,55.655,0.0,0,pressure_drop
7.12,1.228,55.22,0.0002,0,pressure_drop
7.14,0.921,55.009,0.0172,0,pressure_drop
7.16,1.314,55.201,0.0056,0,pressure_drop
7.18,0.979,54.894,0.0,0,pressure_drop
7.2,0.775,55.589,0.0,0,pressure_drop
7.22,1.434,55.068,0.0157,0,pressure_drop
7.24,-0.447,55.283,0.0,0,pressure_drop
7.26,2.531,56.299,0.0386,0,pressure_drop
7.28,0.358,55.245,0.0,0,pressure_drop
7.3,-0.535,53.705,0.0,0,pressure_drop
7.32,-0.111,54.849,0.0,0,pressure_drop
7.34,-0.608,54.755,0.0,0,pressure_drop
7.36,0.49,55.838,0.0,0,pressure_drop
7.38,-0.333,54.455,0.0,0,pressure_drop
7.4,-2.343,54.374,0.0,0,pressure_drop
7.42,0.404,55.321,0.0,0,pressure_drop
7.44,-1.336,54.555,0.0,0,pressure_drop
7.46,0.592,55.385,0.0,0,pressure_drop
7.48,-0.63,56.022,0.0,0,pressure_drop
7.5,0.002,54.809,0.0,0,pressure_drop
7.52,-0.099,53.856,0.0,0,pressure_drop
7.54,0.004,54.467,0.0,0,pressure_drop
7.56,2.668,56.559,0.0202,0,pressure_drop
7.58,1.058,55.934,0.0,0,pressure_drop
7.6,-0.853,54.267,0.0,0,pressure_drop
7.62,0.359,55.136,0.0,0,pressure_drop
7.64,-0.218,55.128,0.0,0,pressure_drop
7.66,-0.005,54.673,0.0,0,pressure_drop
7.68,0.427,54.451,0.0,0,pressure_drop
7.7,2.302,55.264,0.0469,0,pressure_drop
7.72,-0.219,54.635,0.0,0,pressure_drop
7.74,-0.149,54.37,0.0,0,pressure_drop
7.76,0.157,54.986,0.0,0,pressure_drop
7.78,1.251,55.512,0.0,0,pressure_drop
7.8,1.836,54.805,0.0166,0,pressure_drop
7.82,0.103,54.706,0.0,0,pressure_drop
7.84,-0.583,54.463,0.0,0,pressure_drop
7.86,-0.627,54.879,0.0,0,pressure_drop
7.88,0.456,54.752,0.0,0,pressure_drop
7.9,1.785,55.514,0.0721,0,pressure_drop
7.92,1.647,55.283,0.0825,0,pressure_drop
7.94,2.94,56.091,0.1011,0,pressure_drop
7.96,2.687,55.067,0.0729,0,pressure_drop
7.98,-0.384,54.811,0.0,0,pressure_drop
8.0,3.044,55.98,0.1354,0,pressure_drop
8.02,4.142,56.105,0.1782,0,pressure_drop
8.04,3.765,56.65,0.1444,0,pressure_drop
8.06,4.93,56.433,0.2425,0,pressure_drop
8.08,3.159,55.428,0.158,0,pressure_drop
8.1,4.643,56.007,0.1882,0,pressure_drop
8.12,3.102,55.575,0.1715,0,pressure_drop
8.14,4.861,56.276,0.2335,0,pressure_drop
8.16,3.306,55.848,0.1503,0,pressure_drop
8.18,5.866,56.678,0.2642,0,pressure_drop
8.2,4.918,55.64,0.2163,0,pressure_drop
8.22,4.119,54.958,0.1841,0,pressure_drop
8.24,5.466,55.427,0.2789,0,pressure_drop
8.26,5.987,55.871,0.2739,0,pressure_drop
8.28,5.608,55.249,0.2838,0,pressure_drop
8.3,7.125,56.787,0.365,0,pressure_drop
8.32,7.12,56.787,0.3268,0,pressure_drop
8.34,4.85,55.218,0.287,0,pressure_drop
8.36,9.204,57.191,0.4286,0,pressure_drop
8.38,6.337,55.034,0.3302,0,pressure_drop
8.4,8.172,56.332,0.4265,0,pressure_drop
8.42,8.914,56.461,0.453,0,pressure_drop
8.44,8.646,55.618,0.4371,0,pressure_drop
8.46,7.987,56.164,0.4117,0,pressure_drop
8.48,8.789,56.78,0.4392,0,pressure_drop
8.5,10.413,56.606,0.5104,0,pressure_drop
8.52,8.597,55.182,0.4396,0,pressure_drop
8.54,9.106,56.501,0.4503,0,pressure_drop
8.56,10.197,56.334,0.4788,0,pressure_drop
8.58,11.009,56.511,0.5279,0,pressure_drop
8.6,10.157,55.893,0.4951,0,pressure_drop
8.62,13.577,57.134,0.6272,0,pressure_drop
8.64,13.231,57.558,0.6167,0,pressure_drop
8.66,13.624,56.735,0.5787,0,pressure_drop
8.68,11.677,55.942,0.5674,0,pressure_drop
8.7,13.695,56.861,0.5954,0,pressure_drop
8.72,13.711,56.846,0.6136,0,pressure_drop
8.74,15.859,57.784,0.6855,0,pressure_drop
8.76,12.693,56.735,0.5954,0,pressure_drop
8.78,15.295,56.884,0.7041,0,pressure_drop
8.8,14.815,56.81,0.6453,0,pressure_drop
8.82,17.372,57.318,0.746,0,pressure_drop
8.84,17.434,58.071,0.6898,0,pressure_drop
8.86,17.764,57.548,0.7465,0,pressure_drop
8.88,14.999,56.439,0.6527,0,pressure_drop
8.9,18.844,58.063,0.762,0,pressure_drop
8.92,20.263,58.331,0.8399,0,pressure_drop
8.94,19.108,58.183,0.7688,0,pressure_drop
8.96,19.796,58.355,0.771,0,pressure_drop
8.98,21.462,57.949,0.8694,0,pressure_drop
9.0,21.859,58.212,0.8836,0,pressure_drop
9.02,22.196,58.722,0.8892,0,pressure_drop
9.04,22.607,58.965,0.9087,0,pressure_drop
9.06,22.201,58.933,0.8098,0,pressure_drop
9.08,22.141,57.799,0.885,0,pressure_drop
9.1,22.416,58.039,0.8966,0,pressure_drop
9.12,23.711,58.986,0.9244,0,pressure_drop
9.14,23.651,58.174,0.8973,0,pressure_drop
9.16,24.747,58.733,0.9383,0,pressure_drop
9.18,27.025,59.68,1.0303,0,pressure_drop
9.2,24.439,58.778,0.9369,0,pressure_drop
9.22,26.437,60.114,0.9992,0,pressure_drop
9.24,28.307,59.139,1.0777,0,pressure_drop
9.26,26.493,59.063,1.0081,0,pressure_drop
9.28,27.218,59.437,1.0239,0,pressure_drop
9.3,27.644,58.674,1.0678,0,pressure_drop
9.32,30.208,58.911,1.1223,0,pressure_drop
9.34,29.25,59.566,1.1371,0,pressure_drop
9.36,28.541,58.543,1.0751,0,pressure_drop
9.38,30.826,60.018,1.1715,0,pressure_drop
9.4,31.323,60.158,1.1715,0,pressure_drop
9.42,32.282,61.624,1.1672,0,pressure_drop
9.44,33.433,61.368,1.2604,0,pressure_drop
9.46,31.676,59.806,1.2062,0,pressure_drop
9.48,36.363,61.333,1.3643,0,pressure_drop
9.5,36.38,61.731,1.3789,0,pressure_drop
9.52,36.08,61.13,1.3222,0,pressure_drop
9.54,34.961,60.901,1.3311,0,pressure_drop
9.56,38.9,61.666,1.4808,0,pressure_drop
9.58,35.521,61.125,1.3661,0,pressure_drop
9.6,36.955,61.103,1.4158,0,pressure_drop
9.62,39.904,62.127,1.49,0,pressure_drop
9.64,38.409,61.803,1.4977,0,pressure_drop
9.66,42.047,63.442,1.6011,0,pressure_drop
9.68,39.676,61.944,1.5184,0,pressure_drop
9.7,42.209,62.508,1.6087,0,pressure_drop
9.72,41.714,62.105,1.6277,0,pressure_drop
9.74,41.94,62.931,1.6004,0,pressure_drop
9.76,43.051,63.499,1.6761,0,pressure_drop
9.78,43.743,62.85,1.71,0,pressure_drop
9.8,45.563,63.41,1.7516,0,pressure_drop
9.82,45.215,62.585,1.7992,0,pressure_drop
9.84,44.63,63.001,1.78,0,pressure_drop
9.86,45.472,62.89,1.7885,0,pressure_drop
9.88,43.617,62.136,1.6975,0,pressure_drop
9.9,47.313,64.356,1.8999,0,pressure_drop
9.92,47.903,64.546,1.883,0,pressure_drop
9.94,48.984,64.181,1.9356,0,pressure_drop
9.96,48.303,64.082,1.9361,0,pressure_drop
9.98,48.629,64.603,1.9688,0,pressure_drop
